state,STATEFP,CDFP,GEOID,NAMELSAD,LSAD,CDSESSN,area,perimeter,convex_hull,polsby_popper,reock,schwartzberg
MN,27,07,2707,Congressional District 7,C2,115,10.761923310551538,24.890383192966308,0.7299816584693936,0.2182913825702956,0.418864476565432,0.4672166334477996
MN,27,02,2702,Congressional District 2,C2,115,0.7418862075819561,5.721879659599641,0.7435405890791349,0.284753926882526,0.21764785655650576,0.5336233942421621
MN,27,06,2706,Congressional District 6,C2,115,0.9032839610181327,7.28501707756469,0.6232300461008922,0.21388139817958243,0.31307206186921493,0.4624731323867176
MN,27,08,2708,Congressional District 8,C2,115,10.063461289211318,19.572983222078456,0.78212685571509,0.33009823082574025,0.3673595889240577,0.5745417572515858
IL,17,01,1701,Congressional District 1,C2,115,0.07243933103200106,2.7616901385976425,0.6282664745324057,0.11935329048190667,0.18860479632314175,0.3454754556866618
IL,17,18,1718,Congressional District 18,C2,115,2.922646859043425,12.89191080391003,0.7391428570519388,0.22097931498772913,0.3895060822355931,0.47008437007385084
IL,17,07,1707,Congressional District 7,C2,115,0.018083268974351085,1.7640565643824666,0.5107087431536466,0.07302335676069416,0.1943481530808371,0.27022834189013956
IL,17,02,1702,Congressional District 2,C2,115,0.3034548755524611,3.2495092509588837,0.8063111326323747,0.36113404157660633,0.34826704749147397,0.6009442915750232
NE,31,01,3101,Congressional District 1,C2,115,2.5021540060158713,10.12641099913657,0.8309119880525819,0.3066286992204529,0.45734358905131944,0.5537406425579152
CA,06,36,0636,Congressional District 36,C2,115,1.5096230025142177,7.5754434910344255,0.9411549649343033,0.330569090445692,0.2644650246379476,0.5749513809407644
CA,06,16,0616,Congressional District 16,C2,115,0.7576138727827129,6.114625626048004,0.7446813099048045,0.25463496508412614,0.37160987587946465,0.5046136790497521
CA,06,46,0646,Congressional District 46,C2,115,0.01830926666571031,0.9203074313585279,0.7290203545734372,0.2716532819073594,0.48202555491071264,0.5212036856233457
CA,06,37,0637,Congressional District 37,C2,115,0.014004445469026905,0.7465043983852595,0.8176640532921123,0.31579920983240417,0.39890213479651343,0.5619601496835911
CA,06,33,0633,Congressional District 33,C2,115,0.12070080341072753,2.853985317269642,0.5784558979066665,0.1862158123313588,0.29044047375381493,0.4315273019536062
CA,06,15,0615,Congressional District 15,C2,115,0.16566079178255677,2.6425934684890695,0.7674530782235303,0.29810474050259383,0.3534302709814183,0.5459896890075799
IN,18,02,1802,Congressional District 2,C2,115,1.1155414862284943,5.516998352237118,0.8261742315248884,0.4605638867949939,0.580394414982502,0.6786485738546821
IN,18,09,1809,Congressional District 9,C2,115,1.2199808280863635,6.448053632819709,0.7995349002566806,0.3687275498582615,0.5350123321723522,0.6072294046390223
IN,18,06,1806,Congressional District 6,C2,115,1.694145038006809,6.615662384111955,0.8621425570057415,0.48642264444590255,0.575979875985071,0.6974400651281102
IN,18,08,1808,Congressional District 8,C2,115,1.9760098558451773,10.695705912365858,0.6947086282017272,0.21706013270786229,0.3826163979780889,0.4658971267435144
CA,06,53,0653,Congressional District 53,C2,115,0.034394135784395985,1.6809582092476303,0.7024042619348672,0.15296090081385674,0.41553030149254105,0.3911021616072414
CA,06,47,0647,Congressional District 47,C2,115,0.07586895602048571,5.374627242742276,0.14641072561922144,0.03300481280050998,0.06962688177445046,0.1816722675603241
CA,06,31,0631,Congressional District 31,C2,115,0.055860334477984,2.8877173635985454,0.5878047276596164,0.08417905138208014,0.16660247468829303,0.29013626347301047
CA,06,03,0603,Congressional District 3,C2,115,1.713748398619373,11.917283410998929,0.6275179407078074,0.1516360248038799,0.42300412756505745,0.38940470567762775
CA,06,21,0621,Congressional District 21,C2,115,1.7476769717522984,10.721613856505416,0.7158795888721547,0.19105161097683626,0.31049113760424574,0.4370945103485473
CA,06,48,0648,Congressional District 48,C2,115,0.06411773634704332,1.7561644599430664,0.7781227007944483,0.2612508291465966,0.3193034576288821,0.511127018603592
CA,06,10,0610,Congressional District 10,C2,115,0.486443031501949,4.346171365066357,0.763738362147073,0.3236146382892502,0.4335052286138038,0.5688713723586819
AR,05,01,0501,Congressional District 1,C2,115,5.081483563095844,22.545998922405268,0.7041618199316179,0.12562076254156673,0.4242150124308167,0.3544301941730793
AR,05,03,0503,Congressional District 3,C2,115,1.4353307577118812,11.3559544542781,0.5261725964574597,0.13986677830277608,0.31448816390791307,0.373987671324572
AR,05,04,0504,Congressional District 4,C2,115,5.7639189897515735,16.098647214731713,0.7973133287920667,0.27947886160356855,0.43840621316093786,0.5286576033725122
AR,05,02,0502,Congressional District 2,C2,115,1.304648971099823,8.25363122485138,0.711033879242839,0.2406652680849455,0.3946532480751977,0.49057646507445246
IN,18,01,1801,Congressional District 1,C2,115,0.3905239406333294,2.9577328000612595,0.8764838545032801,0.5609700201971937,0.4375672518714713,0.7489793189382427
CA,06,34,0634,Congressional District 34,C2,115,0.012135252573216349,0.761624230646945,0.7275583107425941,0.2628918841214583,0.49421642989072356,0.5127298354118456
CA,06,52,0652,Congressional District 52,C2,115,0.09519975199054898,3.1672994585205974,0.6592575435717754,0.11925248232071917,0.33980513899247866,0.3453295271486629
CA,06,30,0630,Congressional District 30,C2,115,0.03493110928047827,1.527867171131358,0.6522170569783993,0.188040346410349,0.278042835659216,0.4336361913059714
CA,06,18,0618,Congressional District 18,C2,115,0.21646339237486245,3.472043941037472,0.8020611428874034,0.2256440565498797,0.5205030238568341,0.47502005910264433
CA,06,20,0620,Congressional District 20,C2,115,1.4259842112137449,6.722121301443134,0.8967586732995594,0.39656272553886507,0.3682781919404374,0.6297322649657274
CA,06,42,0642,Congressional District 42,C2,115,0.2400111400102105,5.218024555912323,0.6287571474436108,0.11077175250668062,0.32255349858979715,0.33282390615260893
CA,06,25,0625,Congressional District 25,C2,115,0.43327871327801404,5.005929622367864,0.6897754509183056,0.21727398895482228,0.32203611574093066,0.4661265803993828
LA,22,04,2204,Congressional District 4,C2,115,3.173201909178715,15.966549776078462,0.6136178105043237,0.15641752596574066,0.3592697274934642,0.39549655619959656
LA,22,02,2202,Congressional District 2,C2,115,0.3561198204467928,8.943549462950449,0.38305824859966914,0.05594820832199852,0.15478487586696102,0.23653373611812445
LA,22,06,2206,Congressional District 6,C2,115,1.0747163840483154,13.674445957655708,0.6046881141659839,0.07222445199936332,0.3803304121877856,0.2687460734585035
IA,19,01,1901,Congressional District 1,C2,115,3.444208744473144,12.84736119011505,0.6737955498969459,0.2622234101585179,0.3290466623867758,0.5120775431109217
CA,06,32,0632,Congressional District 32,C2,115,0.031952524556572826,1.812399029905168,0.649639925038074,0.12223832752319146,0.354021699834621,0.3496259823342531
CA,06,43,0643,Congressional District 43,C2,115,0.018241587997863462,0.8718919099030119,0.7242967353626153,0.30154158319190805,0.3988412327735722,0.5491280207673872
CA,06,35,0635,Congressional District 35,C2,115,0.042739024655247704,1.5825270391357413,0.6075435099625762,0.21445303293485526,0.23540755669579713,0.46309073941815687
CA,06,13,0613,Congressional District 13,C2,115,0.03864456710925879,1.1090616235056359,0.9211987866888992,0.39480891905375465,0.48037318609521856,0.6283382202713397
CA,06,26,0626,Congressional District 26,C2,115,0.33743979549080905,7.113512584172442,0.4017306945468452,0.08379882997795973,0.17735656506369363,0.2894802756285128
CA,06,44,0644,Congressional District 44,C2,115,0.026528506090244264,1.193132267547331,0.6678802728292158,0.23417766747925606,0.28337213238608905,0.4839190712084573
CA,06,19,0619,Congressional District 19,C2,115,0.24233919183870967,3.801704678691817,0.7752579561256738,0.21070593308751362,0.43491351708410025,0.45902715942252664
IA,19,04,1904,Congressional District 4,C2,115,6.496993504988268,14.654846249681984,0.8810129626289035,0.38015417441526955,0.3937458093218985,0.6165664395791175
IA,19,02,1902,Congressional District 2,C2,115,3.456004682487219,11.709549113087759,0.7338492983318948,0.3167406774584182,0.2577860231133922,0.5627971903433938
MN,27,01,2701,Congressional District 1,C2,115,3.5340616904979925,12.911720982383716,0.8299433212904718,0.26638865508220577,0.16344760436018047,0.5161285257396706
MN,27,03,2703,Congressional District 3,C2,115,0.17230806500538165,2.824128709815962,0.7608398481840456,0.27148541175016633,0.5199762902913303,0.5210426198979948
MN,27,04,2704,Congressional District 4,C2,115,0.1079788437868956,1.6065460986804119,0.8774152661898492,0.5257292653191572,0.48801470898633165,0.7250719035510598
MN,27,05,2705,Congressional District 5,C2,115,0.04200513912110182,1.1982753703169426,0.825279980251953,0.3676199112364625,0.5693874680568171,0.6063166757037634
CA,06,49,0649,Congressional District 49,C2,115,0.1882508781807246,3.48404460552242,0.6735516922500346,0.19488547042567334,0.335626525149048,0.4414583450628987
CA,06,05,0605,Congressional District 5,C2,115,0.4959851858939146,6.156345349044345,0.7296947390492377,0.16444952399816282,0.30378880719269735,0.4055237650226714
CA,06,24,0624,Congressional District 24,C2,115,3.102352564946841,18.816794994245974,0.8389302994024082,0.11010567626732715,0.33912222076089255,0.33182175375844053
NE,31,03,3103,Congressional District 3,C2,115,18.965178617287165,26.915344019234038,0.8256161614662658,0.32897805685812503,0.28250959668377046,0.5735660876116413
NE,31,02,3102,Congressional District 2,C2,115,0.1464549242573412,2.10822816850313,0.8600957645030893,0.4140746267920548,0.4939044707490588,0.6434863066080387
CA,06,29,0629,Congressional District 29,C2,115,0.023490398366448062,1.1829401101642059,0.6886450171761253,0.21094766885840005,0.45119087703868277,0.45929039708924907
CA,06,07,0607,Congressional District 7,C2,115,0.14814721890343208,2.0171737062143174,0.8922242104632718,0.4575270441944282,0.667528658857444,0.6764074542717787
CA,06,06,0606,Congressional District 6,C2,115,0.047984438923776906,1.7519441447909778,0.6659619699152081,0.19645802472721696,0.4338516402169108,0.4432358567706554
CA,06,39,0639,Congressional District 39,C2,115,0.05192671022882678,1.7983997439472248,0.752435757178702,0.20175681298682713,0.426851934577847,0.4491734776084037
IL,17,14,1714,Congressional District 14,C2,115,0.4566304050301824,5.995389887447726,0.6506005349331021,0.15963930479201033,0.36793434714123174,0.39954887659960997
TN,47,01,4701,Congressional District 1,C2,115,1.0959789520559298,8.007683594534038,0.7694827814923858,0.214782191070816,0.2696970787819625,0.46344599585152957
TN,47,03,4703,Congressional District 3,C2,115,1.1883463216267955,14.18046318111943,0.6033458338002116,0.07426292606875715,0.29567096981483554,0.2725122493921276
TN,47,05,4705,Congressional District 5,C2,115,0.3311307765902711,5.904160334528092,0.7853122653775779,0.11936943167186052,0.3794833195555267,0.3454988157314877
TN,47,04,4704,Congressional District 4,C2,115,1.562913309061969,11.959148421800782,0.6853389946370679,0.1373233033021995,0.27513306643659136,0.3705715899825558
CA,06,11,0611,Congressional District 11,C2,115,0.14036046284627446,2.834577806392883,0.7690095716747447,0.21952191912725239,0.23093368602755826,0.4685316628865678
OR,41,01,4101,Congressional District 1,C2,115,0.9890447368657078,6.90336198220496,0.7105425733646072,0.2607981505403374,0.4391344941598387,0.5106840026281784
OR,41,03,4103,Congressional District 3,C2,115,0.3292319573492932,4.321274466622858,0.7128570896320576,0.22155836164616968,0.30199134169175346,0.4706998636564172
OR,41,05,4105,Congressional District 5,C2,115,1.67219811089808,12.268929945821652,0.6232736254662414,0.13959961453212813,0.2884492382484448,0.37363031800447905
ME,23,01,2301,Congressional District 1,C2,115,1.4824429051980132,10.58801089414253,0.6125659294543842,0.16617247218191913,0.282696168480781,0.4076425789609313
ME,23,02,2302,Congressional District 2,C2,115,9.026597527162949,19.55537104340396,0.8411499523627154,0.2966209500036035,0.5322310979897052,0.5446291857801998
TN,47,07,4707,Congressional District 7,C2,115,2.4023464053518637,11.782290237872711,0.7174384012388695,0.21746334356428107,0.40157101764903425,0.4663296511742322
TN,47,02,4702,Congressional District 2,C2,115,0.6310062996703891,9.060690465751092,0.5531107810645887,0.09658751012556593,0.35193798802064535,0.3107853119527465
IL,17,05,1705,Congressional District 5,C2,115,0.02708823370949176,1.9427196097980006,0.48948756762920853,0.09019247482222896,0.2704011156163172,0.30032062004169635
IL,17,16,1716,Congressional District 16,C2,115,2.227287959254454,11.071047497901011,0.672042159754475,0.22835409562274286,0.3722559226256441,0.4778640974406247
IL,17,13,1713,Congressional District 13,C2,115,1.5942270648092745,10.470457893118152,0.5595473900731777,0.18273792642434147,0.23999706402314097,0.42747856838014864
IL,17,ZZ,17ZZ,Congressional Districts not defined,00,115,0.4435086519883953,3.0918337825971776,0.9723312893990862,0.583014940463014,0.5976062041254301,0.7635541503148379
CA,06,50,0650,Congressional District 50,C2,115,0.7016569397487729,6.328450774269765,0.8054301323814987,0.22016074004383465,0.47819947521035566,0.4692128941576891
CA,06,23,0623,Congressional District 23,C2,115,2.560402750890262,12.868568737701326,0.7202796140077353,0.19429322444730257,0.5193828635822152,0.440787051133881
CA,06,08,0608,Congressional District 8,C2,115,8.52131837049501,19.779544244351488,0.8125295501917201,0.2737058593529741,0.21886179796636362,0.5231690542768886
IL,17,17,1717,Congressional District 17,C2,115,1.9697343732170793,11.484257620837218,0.5377387411496412,0.1876772690345076,0.342521993099733,0.43321734618376906
IL,17,06,1706,Congressional District 6,C2,115,0.10964159367949833,3.584887573923963,0.5726703699844997,0.10720971044144276,0.3345872172094252,0.3274289395295455
IL,17,03,1703,Congressional District 3,C2,115,0.06778625388983528,2.3282367682942997,0.6670223655660336,0.15714378555478722,0.2488212347779098,0.39641365460184036
IL,17,10,1710,Congressional District 10,C2,115,0.08829431968752033,2.5557648076925434,0.6298189069245304,0.16986380854760588,0.3763922968623377,0.41214537307557614
IL,17,04,1704,Congressional District 4,C2,115,0.01482909612172989,1.922554104766597,0.4194576528622102,0.0504158859132691,0.22460959907946007,0.22453482115981274
GA,13,03,1303,Congressional District 3,C2,115,0.981040862878217,6.590072577098578,0.7872103787012429,0.2838680838134864,0.5591888770747059,0.5327927212467212
GA,13,10,1310,Congressional District 10,C2,115,1.8269194119595795,9.220637498301887,0.8069500884164029,0.27002710330218693,0.5443556097187504,0.5196413217808866
GA,13,04,1304,Congressional District 4,C2,115,0.12731968509592662,2.4691661487391876,0.8035725048103074,0.26242474939782445,0.5055686006126773,0.5122740959660409
GA,13,05,1305,Congressional District 5,C2,115,0.06723592016123803,1.5289228463213889,0.8563604449395421,0.36144321476095914,0.49070414784191313,0.6012014760136232
GA,13,13,1313,Congressional District 13,C2,115,0.18225884795901948,3.790956072388509,0.61082150322557,0.15936794796969098,0.32863160568268523,0.39920915316371564
GA,13,09,1309,Congressional District 9,C2,115,1.3654325907816656,7.767467638776056,0.8448667995639803,0.2843945198613292,0.32817175667718845,0.5332865269827556
CA,06,51,0651,Congressional District 51,C2,115,1.2812846120605172,8.53861930850358,0.7412134560845011,0.22084123756018822,0.21158113308946785,0.4699374826082595
CA,06,28,0628,Congressional District 28,C2,115,0.05560846960656818,2.0377325795659655,0.7072263942819103,0.1682892709282242,0.4618962215241046,0.41023075326969854
CA,06,01,0601,Congressional District 1,C2,115,7.964976820540869,18.756646744899452,0.8666660050510151,0.28450112100579483,0.5062984962551558,0.533386464963065
GA,13,07,1307,Congressional District 7,C2,115,0.10177094550454058,2.2357923407197804,0.7448043322442734,0.25584135427707944,0.45202402241802875,0.50580762576011
GA,13,02,1302,Congressional District 2,C2,115,2.4178574659536025,9.903532892770667,0.8294825683217314,0.30978491269406677,0.4825422977281718,0.556583248664624
GA,13,06,1306,Congressional District 6,C2,115,0.0769294148933568,1.904419219182956,0.6695349715281265,0.2665490763762437,0.4276761100300367,0.5162839106308115
GA,13,14,1314,Congressional District 14,C2,115,0.925472936640972,6.140392407420704,0.7785202137081971,0.308447557326293,0.4940064409438597,0.5553805518077608
KY,21,02,2102,Congressional District 2,C2,115,1.9359975375989507,14.71469411810005,0.6365963519484622,0.1123601181905621,0.262539457369762,0.33520160827561984
KY,21,06,2106,Congressional District 6,C2,115,1.1541911254125807,9.390146997091602,0.7594464447125738,0.16449125452089952,0.386450722962903,0.40557521438186966
LA,22,01,2201,Congressional District 1,C2,115,2.314353220321891,13.781241423185342,0.6714188781376144,0.15313089635991353,0.40679282801823874,0.39131943008227116
LA,22,03,2203,Congressional District 3,C2,115,2.213157921697757,9.57265076298152,0.8014535244060305,0.30349940125863967,0.34641747727237665,0.5509077974204392
LA,22,05,2205,Congressional District 5,C2,115,3.6701400086096783,21.80746876222819,0.5725032489240206,0.09697995493481439,0.35119368734550005,0.3114160479725064
IN,18,03,1803,Congressional District 3,C2,115,1.175044184062017,5.204745946895775,0.8971154784895522,0.5450859525964371,0.5282141397461053,0.738299365160527
IN,18,05,1805,Congressional District 5,C2,115,0.532051379336508,4.42950607370822,0.7762789142798862,0.3407633149447952,0.4014043121858923,0.5837493596954049
IN,18,04,1804,Congressional District 4,C2,115,1.7521861003322101,7.0992162998939365,0.8173728117424481,0.4368871567274447,0.557686644235118,0.6609743994493621
IN,18,07,1807,Congressional District 7,C2,115,0.08321527751240865,1.4365435821394608,0.9348222157122643,0.5067284840391368,0.5605292541204573,0.7118486384331552
GA,13,01,1301,Congressional District 1,C2,115,2.191617193922866,11.205752149807923,0.743411420255371,0.21932722208742603,0.36353910694713354,0.4683238431763069
IL,17,11,1711,Congressional District 11,C2,115,0.08020272810563256,2.94542767803994,0.5446821299645905,0.1161722171729047,0.35924554370441253,0.3408404570659192
IL,17,09,1709,Congressional District 9,C2,115,0.029852731818209577,1.7230873935467343,0.5956697612344855,0.1263511890852256,0.2119188457664191,0.3554591243521899
IL,17,15,1715,Congressional District 15,C2,115,3.99005849806872,15.449580406164873,0.7049174382803193,0.21006599186322372,0.3925091137997734,0.4583295668656166
TN,47,08,4708,Congressional District 8,C2,115,1.8086686794310936,9.775180293513555,0.8030596848234997,0.23785885802821488,0.3998549918903521,0.4877077588353654
CA,06,40,0640,Congressional District 40,C2,115,0.014744821449539813,0.9266450966572323,0.6539248187903172,0.2157856289686312,0.41804172055450134,0.46452731778511286
CA,06,12,0612,Congressional District 12,C2,115,0.03196767062308936,1.0774656684327222,0.7109036471461363,0.34603017614998194,0.3372727353013095,0.5882432967318726
CA,06,45,0645,Congressional District 45,C2,115,0.08376044668398208,1.801521053174889,0.8566529482476832,0.3243173368580452,0.4949007851904465,0.5694886626246787
IA,19,03,1903,Congressional District 3,C2,115,2.46037506200355,8.388545960753481,0.8338761588322227,0.43937749015306266,0.40412043980549134,0.6628555575335118
GA,13,11,1311,Congressional District 11,C2,115,0.2781152188845226,3.5833801252906294,0.7509882268273361,0.2721753923042376,0.4808984487572729,0.5217043150140103
GA,13,12,1312,Congressional District 12,C2,115,2.068527493772308,11.995468283720548,0.6824002806756614,0.18064949345029768,0.4364003725972987,0.4250288148470615
GA,13,08,1308,Congressional District 8,C2,115,2.1835789448216474,13.237046630551864,0.6661789512421814,0.15660173324601814,0.37226869703574084,0.3957293686928204
CA,06,04,0604,Congressional District 4,C2,115,3.498008258758091,12.291539819485267,0.8233291905818816,0.2909498312783798,0.30881644686937454,0.53939765598154
CA,06,22,0622,Congressional District 22,C2,115,0.30449835334229647,4.713618733932453,0.5607512278588614,0.1722209220084258,0.32693817163151245,0.4149950867280549
CA,06,09,0609,Congressional District 9,C2,115,0.3467885675413527,3.561565219761086,0.8413615265975147,0.34355227804211563,0.4612197234479513,0.5861333278718381
TN,47,09,4709,Congressional District 9,C2,115,0.12927243533613364,2.9428672967008978,0.6879262300725678,0.18757477615952575,0.373475595163116,0.43309903735696037
TN,47,06,4706,Congressional District 6,C2,115,1.7129931994202252,11.310332317961958,0.7089659556618263,0.16827312957991958,0.33382413261631133,0.41021107929932804
ID,16,01,1601,Congressional District 1,C2,115,11.882313780957247,27.61982172277867,0.7362387227172535,0.1957352923129607,0.28535896984983494,0.44241981455735085
ID,16,02,1602,Congressional District 2,C2,115,12.574325190767922,22.592060161934533,0.8115716163091364,0.30958711702408565,0.509311108877916,0.5564055328841416
CA,06,41,0641,Congressional District 41,C2,115,0.08036546197627104,2.3595455482831107,0.7376538298458766,0.18139385850823003,0.35958813570203607,0.42590357888638364
CA,06,27,0627,Congressional District 27,C2,115,0.17819852347724918,3.156359855352719,0.757678871818491,0.2247713443239168,0.5230925431923006,0.4741005635136039
CA,06,17,0617,Congressional District 17,C2,115,0.051125311839314236,1.6333967833584322,0.7755830023182464,0.24080330431140579,0.5084446101644101,0.49071713268583345
CA,06,14,0614,Congressional District 14,C2,115,0.15297469159486354,3.9302945507325417,0.5067351996904371,0.12444551573861644,0.1519287224744439,0.3527683598887752
OR,41,04,4104,Congressional District 4,C2,115,5.2254833356937525,12.876193004284595,0.8586621417357083,0.39606035782699184,0.4865103378706269,0.6293332645164975
OR,41,02,4102,Congressional District 2,C2,115,20.352518451811193,24.04966355473712,0.870263500759525,0.4421911138651127,0.4368021819641241,0.6649745212149957
KY,21,01,2101,Congressional District 1,C2,115,3.295398202642673,18.893414910438324,0.6177454202064682,0.11601037761979124,0.17317227593199228,0.34060296184823646
KY,21,03,2103,Congressional District 3,C2,115,0.08933823011602726,1.779660758277906,0.7808040554777312,0.3544645107477281,0.37576513878967205,0.5953692222039431
KY,21,05,2105,Congressional District 5,C2,115,2.9915102011100316,12.85450012599696,0.7811376711702253,0.2275044869473163,0.3778011982892069,0.4769743042841158
KY,21,04,2104,Congressional District 4,C2,115,1.201627518681562,11.026923799963726,0.543136229115523,0.12418552645615695,0.16504450090709563,0.3523996686379784
IL,17,12,1712,Congressional District 12,C2,115,1.3778227499358309,8.3936120499534,0.650233891198503,0.24575673613564322,0.3568917141988212,0.4957385764045837
IL,17,08,1708,Congressional District 8,C2,115,0.059017686714469164,2.4767816593628256,0.6043976097806183,0.12089729964724451,0.38118324708474516,0.3477028899034987
CA,06,02,0602,Congressional District 2,C2,115,3.9796660424094625,16.592344063955426,0.6092515129185573,0.18165234295452165,0.24318032653562247,0.426206925042897
CA,06,38,0638,Congressional District 38,C2,115,0.02598606952415139,1.3280515385909335,0.7182544330804553,0.18514867202580637,0.5239726398996352,0.4302890563630527
AL,01,01,0101,Congressional District 1,C2,115,1.699178755881121,11.56695764558054,0.7121667239185918,0.1595918256897563,0.4345199900323509,0.39948945629360016
AL,01,03,0103,Congressional District 3,C2,115,1.9340641467413207,10.366493370077514,0.7332695458526011,0.22616062185712027,0.4159868852417309,0.47556347826249257
AL,01,05,0105,Congressional District 5,C2,115,0.9830778388668477,6.859052031809105,0.7776525307994537,0.26258479545711416,0.1817940644612244,0.512430283509
AL,01,04,0104,Congressional District 4,C2,115,2.305827708282777,12.488934297942356,0.623402367157556,0.18577443789821974,0.32608937227121565,0.4310155889271521
AL,01,07,0107,Congressional District 7,C2,115,2.5542585042328483,15.599831112496299,0.6209963131174214,0.1318970003651663,0.4163270286803708,0.363176266247075
AL,01,02,0102,Congressional District 2,C2,115,2.528326339609066,12.163471248561281,0.7423553299521584,0.2147474063584209,0.47161540340887026,0.4634084659977857
AL,01,06,0106,Congressional District 6,C2,115,1.062498846866447,9.967897766614273,0.6908328796571224,0.1343789307835333,0.4475103055335159,0.3665773189704095
FL,12,13,1213,Congressional District 13,C2,115,0.10174520160967404,1.414759388210142,0.9041874038475056,0.6387907689436103,0.5939051354476766,0.799243873259977
FL,12,26,1226,Congressional District 26,C2,115,1.1993684046050248,9.953834564645101,0.47959343735414295,0.15211835878737331,0.16769564145775834,0.3900235361966933
FL,12,22,1222,Congressional District 22,C2,115,0.06126602974904927,1.8037638315805777,0.743537835179823,0.23663024465912966,0.4983199734483092,0.48644654861467534
FL,12,09,1209,Congressional District 9,C2,115,0.6227763751517159,4.157283177878559,0.8710067746548859,0.4528170566975567,0.6251907261224696,0.6729168274739135
FL,12,19,1219,Congressional District 19,C2,115,0.3203654264484612,3.6241181348515528,0.6990238192453155,0.3065143513916242,0.26576304529325756,0.5536373825814367
MO,29,01,2901,Congressional District 1,C2,115,0.06327132246178735,1.7260686643328238,0.7285721941265791,0.26687054305608876,0.5353669405073246,0.5165951442436221
MO,29,03,2903,Congressional District 3,C2,115,1.8726200304556642,10.527686211679882,0.7737663252997499,0.21232134895815938,0.29539885578573116,0.4607834078590064
MO,29,05,2905,Congressional District 5,C2,115,0.6638282102346693,6.67824350486117,0.6892662420338707,0.18704283115747625,0.26079151741234574,0.43248448660903
MO,29,04,2904,Congressional District 4,C2,115,3.918743262834141,14.703302108973018,0.6764791301965131,0.2277859400436762,0.40538246174715975,0.4772692531932853
MO,29,07,2907,Congressional District 7,C2,115,1.6696105857217844,6.892700574189363,0.8160952219824361,0.4416174525229607,0.5115419395418472,0.6645430403841127
MO,29,02,2902,Congressional District 2,C2,115,0.12863518037147514,2.8529664915630395,0.762106041263477,0.1985986454951815,0.46194913486043854,0.44564407938979905
MO,29,06,2906,Congressional District 6,C2,115,5.022244823500387,16.954995369827806,0.7646028249196126,0.21953935948318398,0.23377431484267494,0.4685502742323219
MO,29,08,2908,Congressional District 8,C2,115,5.276042764900922,14.09057616671796,0.8114045416316586,0.33393402128496535,0.46196221675366667,0.577870246063046
MS,28,01,2801,Congressional District 1,C2,115,2.7184368824161993,10.02152334986834,0.8121249961133188,0.340143074155381,0.48366794244679734,0.5832178616566719
MS,28,03,2803,Congressional District 3,C2,115,3.1860291875646,15.884501216371891,0.6343226630745699,0.15867644050033303,0.24818935577509432,0.39834211489664634
MS,28,04,2804,Congressional District 4,C2,115,2.1769360686344044,8.210350604511701,0.8787186282099845,0.40581877250293746,0.5698457729018623,0.6370390667007303
MS,28,02,2802,Congressional District 2,C2,115,3.9882395639629067,18.394522196498727,0.7843096136371148,0.1481201280122909,0.4414293758599758,0.3848637785142828
NJ,34,01,3401,Congressional District 1,C2,115,0.10076310884755912,2.1927230664868382,0.7072459236273066,0.26335638485430435,0.3148514490728584,0.5131826038110648
NJ,34,03,3403,Congressional District 3,C2,115,0.31014324336410937,4.528434933263654,0.6192194873135832,0.19005352294187866,0.3335867096626942,0.4359512850558864
NJ,34,10,3410,Congressional District 10,C2,115,0.022258095471670458,1.490001258412503,0.5613664472983027,0.12598666925267588,0.33346349841548123,0.3549460089262533
NJ,34,04,3404,Congressional District 4,C2,115,0.19445355864968406,3.3428710662959,0.7056741022051743,0.21866864153511884,0.38411796169939666,0.46762018940067035
NJ,34,05,3405,Congressional District 5,C2,115,0.2840891567766448,4.198613036520797,0.5850457667010028,0.20251296019723816,0.23419606773512258,0.45001439998875387
NJ,34,07,3407,Congressional District 7,C2,115,0.27239854229082994,5.481291806936885,0.7016800991902745,0.11393280686189987,0.37207983223176844,0.3375393412061768
NJ,34,02,3402,Congressional District 2,C2,115,0.7799799508750311,5.389173822090868,0.8393818433044347,0.3374806838010038,0.4334534583792043,0.5809308769561176
NJ,34,09,3409,Congressional District 9,C2,115,0.02844740799059764,1.417584916760631,0.5858725748869671,0.17789117273637903,0.4062535813085396,0.4217714697989648
NJ,34,11,3411,Congressional District 11,C2,115,0.1472757727208318,3.3780590162060045,0.7299623735211868,0.16218351507265144,0.41803446768754754,0.40272014485576885
NJ,34,06,3406,Congressional District 6,C2,115,0.1126215497956764,3.230727225987373,0.5727556070232039,0.13559097394583072,0.2748250303262184,0.36822679688723187
NJ,34,12,3412,Congressional District 12,C2,115,0.11514611076745496,3.044054746678385,0.6297112252438014,0.15615439782058138,0.3133822614295906,0.3951637607632833
NV,32,01,3201,Congressional District 1,C2,115,0.027098507581285958,0.7817846588185596,0.8979667014523114,0.5571613082937159,0.4598248331017912,0.7464323869539128
NV,32,03,3203,Congressional District 3,C2,115,0.7453342359572162,4.758286450105253,0.902508252885433,0.4136754692382753,0.34831191089307073,0.6431760794978894
NV,32,04,3204,Congressional District 4,C2,115,13.631352814596994,18.325364714081516,0.8699005258141065,0.5100861939703193,0.4505343008916831,0.714203188154687
NV,32,02,3202,Congressional District 2,C2,115,15.536198820402205,18.90288659574384,0.8948744718849214,0.5463845075325423,0.44470445875689396,0.7391782650569092
SC,45,01,4501,Congressional District 1,C2,115,0.5969670239624065,8.687040281933129,0.587625727783085,0.09940690101730487,0.19557962046406466,0.3152885995676103
SC,45,03,4503,Congressional District 3,C2,115,1.3879153091154421,7.316120705657091,0.8573034888109736,0.3258450335639013,0.44571228632333926,0.5708283748762856
SC,45,04,4504,Congressional District 4,C2,115,0.3364818825200473,4.056677820147109,0.7963468453373166,0.25693928662127047,0.37642225284857905,0.5068917898538804
SC,45,05,4505,Congressional District 5,C2,115,1.4264408041151455,9.301705974581647,0.7556692461139393,0.20717550339631755,0.330380711954168,0.45516535829994526
SC,45,07,4507,Congressional District 7,C2,115,1.448571275449467,7.893238141400293,0.7876239098304842,0.2921724898074167,0.3421799191176022,0.5405298232358846
SC,45,02,4502,Congressional District 2,C2,115,0.782664036163851,7.723577977773892,0.7276972489192355,0.1648724801807635,0.46889851972651697,0.40604492384558083
SC,45,06,4506,Congressional District 6,C2,115,2.1033160141773806,18.260452670104353,0.6573157874892941,0.07926679776056936,0.42595788690148695,0.2815435983299378
WA,53,01,5301,Congressional District 1,C2,115,2.077908251642839,11.509801637854192,0.7275380705005321,0.19710632186230256,0.35618909604847054,0.4439665774158035
WA,53,03,5303,Congressional District 3,C2,115,2.896103497441345,11.76275987400458,0.7150184500600535,0.26303011772932217,0.18943371061081163,0.5128646192995986
ND,38,00,3800,Congressional District (at Large),C1,115,21.840052555350667,25.17207881835917,0.9895655741367239,0.433137092827583,0.4250800563151016,0.6581315163609649
WY,56,00,5600,Congressional District (at Large),C1,115,27.970854325405526,21.99957080289762,0.9978198001713133,0.7262517288131587,0.5477776911644654,0.8522040417723674
MP,69,98,6998,Delegate District (at Large),C4,115,1.3817531138673758,39.15800808472221,0.25305543877235687,0.011323981014196948,0.040561189607336186,0.10641419554832404
OH,39,01,3901,Congressional District 1,C2,115,0.18867152398411235,3.9239522689740634,0.6207035410070036,0.15398158635688544,0.2594479900642901,0.3924048755518787
OH,39,07,3907,Congressional District 7,C2,115,1.0875340877157669,11.701339054416618,0.6243089253377054,0.09981173741454702,0.40661732226896574,0.3159299565007203
OH,39,02,3902,Congressional District 2,C2,115,0.8759211347703513,6.993500639795313,0.8140360111911661,0.22505342750833038,0.33837589229665893,0.4743979632211024
OH,39,14,3914,Congressional District 14,C2,115,0.9520162296112176,5.872603008088605,0.8569447150349541,0.34689091801488603,0.493859026171165,0.5889744629564903
OH,39,06,3906,Congressional District 6,C2,115,1.9857913270516292,12.9867513862296,0.6011777170667353,0.1479593519042411,0.2239827365270613,0.3846548477586642
OH,39,03,3903,Congressional District 3,C2,115,0.06345910529103094,3.7793051158085267,0.65017754549844,0.055831577389795536,0.4565297459616583,0.23628706564218777
OH,39,10,3910,Congressional District 10,C2,115,0.30889740572433766,3.3442849006535695,0.858954743749067,0.34707041002983874,0.23875946802455175,0.5891268199885648
OH,39,04,3904,Congressional District 4,C2,115,1.3007698354654167,10.656557283206679,0.5356037472138093,0.14393833464382433,0.22524643401503983,0.3793920592788208
OH,39,05,3905,Congressional District 5,C2,115,1.571028965988944,7.96362784145468,0.7692332531470321,0.31129499916912795,0.4778446096902119,0.5579381678726846
OH,39,16,3916,Congressional District 16,C2,115,0.33731257790691416,6.228531721973364,0.5756681303620438,0.10926247614488371,0.3260079553799712,0.3305487500277133
OH,39,13,3913,Congressional District 13,C2,115,0.2560026425896922,6.255653019445695,0.5824471350986089,0.08220703956638786,0.2335513532602232,0.2867177001274736
OH,39,15,3915,Congressional District 15,C2,115,1.2970971679899321,10.901503266375162,0.6891723721306046,0.13715435327123457,0.27403011602576527,0.3703435611310591
OH,39,11,3911,Congressional District 11,C2,115,0.2101285478918271,4.311132198271299,0.7072694320370057,0.14207322617339288,0.232877470866108,0.3769260221494304
OH,39,09,3909,Congressional District 9,C2,115,0.5958362590381512,6.227658038323003,0.6006311078492336,0.1930577665143198,0.18404604742276653,0.43938339353498534
OH,39,08,3908,Congressional District 8,C2,115,0.6726986651572133,5.538804440268955,0.6170523229067056,0.2755487000779625,0.3478572696954751,0.5249273283779028
OH,39,12,3912,Congressional District 12,C2,115,0.6294551784690157,9.524081371098836,0.6170093569431929,0.08720240853579689,0.27068487233731753,0.2953005393422045
VA,51,01,5101,Congressional District 1,C2,115,1.2982039999999415,8.452086793593718,0.7541140399447641,0.22836256409839314,0.35768987273625535,0.47787295811585023
VA,51,03,5103,Congressional District 3,C2,115,0.20485639870912564,3.4149912412395635,0.7060259800092162,0.22073957877177197,0.3927757746726032,0.469829308123463
VA,51,10,5110,Congressional District 10,C2,115,0.3736581895684594,6.2685534151200955,0.5916254173075953,0.11949499281814654,0.23276690574768763,0.34568047792455175
VA,51,05,5105,Congressional District 5,C2,115,2.68187462470064,15.135213373548002,0.6517951223186492,0.14711983841660406,0.3097402914071779,0.38356203985353404
VA,51,04,5104,Congressional District 4,C2,115,0.9844985826759967,7.9038407101395,0.7477931972083741,0.19803803160499045,0.3504826083337836,0.44501464201191226
VA,51,07,5107,Congressional District 7,C2,115,0.8412409240188481,7.355372878335235,0.6901436957362345,0.19539833901386866,0.36358972069856416,0.4420388433315206
VA,51,02,5102,Congressional District 2,C2,115,0.8174798627364908,6.871764720911651,0.5722460650145567,0.21754563034465035,0.300554888081664,0.46641787095334414
VA,51,11,5111,Congressional District 11,C2,115,0.051921855231739755,2.6614652935256458,0.5265501965945708,0.09211247498550672,0.2889443473406225,0.30350037065134977
VA,51,09,5109,Congressional District 9,C2,115,2.4052794658032326,13.552801451237368,0.665979188165043,0.16455733894824945,0.1687468647377503,0.4056566762032266
HI,15,01,1501,Congressional District 1,C2,115,0.08689465613406355,1.678912129579094,0.7208295748102778,0.3873887455902773,0.3222339245347128,0.6224056117920831
HI,15,02,1502,Congressional District 2,C2,115,5.215177494423415,70.52791669500232,0.141516245669509,0.013175188784693048,0.010362943929548805,0.11478322518858342
MI,26,01,2601,Congressional District 1,C2,115,16.381075426248344,24.88964147073524,0.8178451997661779,0.33228825614348617,0.29947310430331675,0.5764444952842261
MI,26,07,2607,Congressional District 7,C2,115,1.2489817611028684,7.7247851316898135,0.7097576175336526,0.2630226469983365,0.32130719162030574,0.5128573359115931
MI,26,02,2602,Congressional District 2,C2,115,1.7743639743516724,7.227506823707425,0.8837111895278055,0.4268502641442825,0.5389848813269188,0.6533377871700691
MI,26,06,2606,Congressional District 6,C2,115,1.4440315632841703,5.908858003471425,0.8875921901967602,0.5197319829854,0.45080387130079413,0.7209243947775662
MI,26,14,2614,Congressional District 14,C2,115,0.06330102053539122,2.866429616648218,0.3918374957981865,0.09681396588825936,0.16544942796679143,0.31114942694509234
MI,26,03,2603,Congressional District 3,C2,115,0.7679911851262204,6.28420536537855,0.7434823761417595,0.24437983147276915,0.3671704044735816,0.4943478850695825
MI,26,10,2610,Congressional District 10,C2,115,1.7981450486604444,6.801372797310095,0.9023273380462835,0.4884739694865686,0.6306379318214089,0.6989091282037806
MI,26,05,2605,Congressional District 5,C2,115,1.2236706941498596,8.60856885514974,0.5408175741032654,0.20749732783766314,0.28135865160122814,0.4555187458685571
MI,26,04,2604,Congressional District 4,C2,115,2.5056463377361524,9.143911296313325,0.8084331881110373,0.37658726309713425,0.48376180061463064,0.6136670620924136
MI,26,13,2613,Congressional District 13,C2,115,0.05288772676772169,1.9272397360260445,0.6118265826784518,0.1789341693990925,0.2642124819362982,0.42300611035668567
MI,26,ZZ,26ZZ,Congressional Districts not defined,00,115,0.22922817615221902,16.671501998067082,0.03638079694220856,0.01036402388926385,0.013792086945312003,0.10180385007092732
MI,26,11,2611,Congressional District 11,C2,115,0.12506686819529023,3.173470703678372,0.6408569092978602,0.1560569633778465,0.3919728087013662,0.39504045790000614
MI,26,09,2609,Congressional District 9,C2,115,0.053581963131819066,1.9751581891876249,0.6952475330871017,0.17259361204665014,0.2826318106852646,0.41544387352162276
MI,26,12,2612,Congressional District 12,C2,115,0.12169844659797491,2.708385334505085,0.6725678098289134,0.20848460531608887,0.2589670373779073,0.45660114467233753
MI,26,08,2608,Congressional District 8,C2,115,0.43828867430806895,4.122732145419663,0.763057961785343,0.32404093249396343,0.22681897299392387,0.5692459332256695
VA,51,06,5106,Congressional District 6,C2,115,1.5887948851413967,11.168762028913974,0.6939865889967689,0.1600544015374325,0.261523608390265,0.40006799614244637
VA,51,08,5108,Congressional District 8,C2,115,0.04311807363319531,1.4359507638878342,0.8027688657112978,0.26277867341094685,0.4562686857070622,0.5126194235599612
WA,53,10,5310,Congressional District 10,C2,115,0.2813008434254698,3.9290996030728635,0.7554818306635072,0.22897856092937885,0.3371042666161814,0.47851704350981994
WA,53,05,5305,Congressional District 5,C2,115,4.864512592605024,12.074792263380118,0.8452073987580512,0.41926620780245333,0.4870466827166582,0.6475076893770864
WA,53,04,5304,Congressional District 4,C2,115,6.025280428787028,18.41166348653003,0.6571980653818259,0.22335777333610138,0.4689531716469873,0.4726074198910777
WA,53,07,5307,Congressional District 7,C2,115,0.08520102780857997,1.811816982070223,0.7914846344730871,0.3261565059343353,0.3336237293790759,0.5711011345938084
WA,53,02,5302,Congressional District 2,C2,115,0.6450607830042827,5.776568019527387,0.7339488616639647,0.24292416595317062,0.43084940174876685,0.4928733772006464
WA,53,09,5309,Congressional District 9,C2,115,0.06914275474173337,2.349962547421844,0.6303895531824095,0.15733837518918864,0.3170444650560211,0.39665901627114014
WA,53,06,5306,Congressional District 6,C2,115,2.751030708959206,8.607603852791856,0.8427130295903944,0.4665957296944649,0.4861192473098239,0.6830781285434814
WA,53,08,5308,Congressional District 8,C2,115,2.316418628870906,12.767632806668315,0.6606292243547335,0.17856903222628454,0.35482489867709616,0.4225742919609338
NJ,34,08,3408,Congressional District 8,C2,115,0.01821112162224381,1.994094054712005,0.513605774522166,0.05755131899306474,0.2512769194966668,0.23989855979781277
CO,08,01,0801,Congressional District 1,C2,115,0.05242400103179534,2.6346072501808515,0.5311367616864591,0.09490918897921201,0.16446125745981072,0.30807334999836
CO,08,03,0803,Congressional District 3,C2,115,13.395639171775201,22.115288959933746,0.7892234743230441,0.34418193213241094,0.4696311020529598,0.5866702072991358
CO,08,05,0805,Congressional District 5,C2,115,1.9583446549463588,8.13555918647488,0.7962843394861304,0.3718126599839757,0.3692402819393745,0.6097644299104169
CO,08,04,0804,Congressional District 4,C2,115,10.318368701314967,18.792016107722187,0.8133039386382779,0.3671758882939044,0.5114414122012676,0.6059504008529942
CO,08,07,0807,Congressional District 7,C2,115,0.09585888539686493,2.956428001679611,0.6296613119967814,0.1378185336633645,0.24400229440496862,0.37123918659452493
CO,08,02,0802,Congressional District 2,C2,115,2.0877372811187342,10.792952914233316,0.7644166541041997,0.2252190622178141,0.5181801396631603,0.4745725047006138
CO,08,06,0806,Congressional District 6,C2,115,0.1313772379689908,3.8379846118423706,0.5603482296459871,0.11207881561745288,0.3233113635605903,0.3347817432558904
MD,24,01,2401,Congressional District 1,C2,115,1.4860678267036747,10.818466581905687,0.5497140947665854,0.15955744748352585,0.2628556479355121,0.39944642629960514
MD,24,03,2403,Congressional District 3,C2,115,0.10847607012215121,6.50703794564678,0.3384286887681365,0.032194162256749766,0.19804630230263415,0.17942731747632457
MD,24,04,2404,Congressional District 4,C2,115,0.08519030365755498,3.4107622941348414,0.5484404451090625,0.09202315604612955,0.23237743238606337,0.30335318697209945
MD,24,05,2405,Congressional District 5,C2,115,0.6097660247398835,4.92753555645294,0.7792675357902057,0.31558296554077125,0.40766568095391575,0.5617677149327569
MD,24,07,2407,Congressional District 7,C2,115,0.13377676440563846,4.387308803035938,0.5472192626570265,0.08733617039974345,0.28093654226937226,0.29552693684289333
MD,24,02,2402,Congressional District 2,C2,115,0.14034907746440695,5.332319300645327,0.48133099743140345,0.06202790769716843,0.21756749054452687,0.2490540256594308
MD,24,06,2406,Congressional District 6,C2,115,0.5397364284087871,13.97834866380019,0.38738483516699307,0.03471201757601645,0.11112816031417644,0.18631161417371822
MD,24,08,2408,Congressional District 8,C2,115,0.23542236539151418,6.616852427779833,0.5359058867907461,0.06757011921255225,0.3809463905068415,0.2599425305958074
DC,11,98,1198,Delegate District (at Large),C4,115,0.018383712918875972,0.6845946611198668,0.8560331952515251,0.492919588895904,0.49805038149207953,0.7020823234464061
VT,50,00,5000,Congressional District (at Large),C1,115,2.7982141669911016,9.832727967923029,0.8244086300589525,0.3636995525620197,0.42264581884810837,0.6030750803689535
KS,20,01,2001,Congressional District 1,C2,115,14.16074711291867,21.05881469348378,0.8789928833728762,0.40126214003057453,0.41988716740357385,0.6334525554692905
KS,20,03,2003,Congressional District 3,C2,115,0.2071022786788035,2.3035354204650105,0.8475645592962335,0.4904615340179417,0.5146711225213787,0.7003295895633295
KS,20,04,2004,Congressional District 4,C2,115,3.799408555685659,11.17852379799635,0.8616233143665564,0.38208232596408537,0.3355240001375634,0.6181280821675113
KS,20,02,2002,Congressional District 2,C2,115,3.837458113840057,11.623632062231577,0.7363333552028423,0.3569191119292297,0.3820310347038027,0.5974270766622732
SD,46,00,4600,Congressional District (at Large),C1,115,22.578551793761562,23.878311688401514,0.9277315447731724,0.4976210151328378,0.4124770242946643,0.7054225791203721
GU,66,98,6698,Delegate District (at Large),C4,115,0.12335851293937594,1.585875899748733,0.867966197900612,0.6163687203204766,0.4614595475163208,0.7850915362685276
MA,25,01,2501,Congressional District 1,C2,115,0.6789251979723758,5.46059125792461,0.7486256477842027,0.28612279095619636,0.3218507263339411,0.5349044690000228
MA,25,03,2503,Congressional District 3,C2,115,0.22354057549523532,3.645382935271809,0.6767603942028172,0.21138779870116192,0.23718619879903144,0.4597692885580353
MA,25,05,2505,Congressional District 5,C2,115,0.08142364145192005,2.533880903217882,0.6225538262216167,0.1593631803713563,0.2299294504337487,0.3992031818151708
MA,25,04,2504,Congressional District 4,C2,115,0.19743363953784865,3.860361069324361,0.6480863371112116,0.16648501939241317,0.35513711976535134,0.40802575824623283
MA,25,07,2507,Congressional District 7,C2,115,0.028382498157725422,2.229851793924021,0.3833508385935009,0.07173126415908898,0.1907280954895597,0.2678269294882219
MA,25,02,2502,Congressional District 2,C2,115,0.485199021904009,4.838751677595515,0.7696843239534368,0.2604132699631631,0.34450304547731003,0.5103070349928198
MA,25,09,2509,Congressional District 9,C2,115,0.8975173664284739,6.376856984331333,0.7991169752287868,0.2773571529071471,0.578302530629686,0.5266470857292832
MA,25,06,2506,Congressional District 6,C2,115,0.24452754115986863,2.8727857621418207,0.8101723074906675,0.3723326878073479,0.4465350806010819,0.6101906979029982
MA,25,08,2508,Congressional District 8,C2,115,0.14090513465271215,3.6055855660605522,0.6042135930855161,0.1362024972423672,0.35371440391998993,0.36905622504215696
WV,54,01,5401,Congressional District 1,C2,115,1.7176207229633746,12.461367527653046,0.46447535147397273,0.13899709546964062,0.22447196391013693,0.37282314234720004
WV,54,03,5403,Congressional District 3,C2,115,2.608583403198736,13.596675141134178,0.6730304694059958,0.17731649916942496,0.3531973469170984,0.42108965692525024
WV,54,02,5402,Congressional District 2,C2,115,2.1676660413143054,17.108659320018464,0.5062784061239235,0.09306154989238218,0.13929074858618928,0.30505991197202914
VI,78,98,7898,Delegate District (at Large),C4,115,0.16200109875273938,3.876163627038516,0.41789996371507354,0.13549510950462385,0.2426700123127388,0.3680966034950932
AK,02,00,0200,Congressional District (at Large),C1,115,1312.2460507333963,1082.485491409666,0.3316993638932754,0.014072814725425991,0.012957323420609125,0.11862889498526905
PR,72,98,7298,Resident Commissioner District (at Large),C3,115,1.149254660066049,8.855069007928844,0.7470071027125924,0.1841799019453115,0.18153808169803226,0.4291618598446412
WI,55,01,5501,Congressional District 1,C2,115,0.7689186109107595,6.12905144942978,0.8720092989035796,0.2572193892786846,0.2287244869792634,0.5071680089267112
WI,55,03,5503,Congressional District 3,C2,115,3.326059668674816,15.847620237309407,0.5846164358648882,0.16642240321719304,0.30894903554566455,0.4079490203655268
WI,55,04,5504,Congressional District 4,C2,115,0.30779883321929447,3.4321981650655413,0.9584818990683306,0.328346297642916,0.35294228915069487,0.5730150937304497
WI,55,05,5505,Congressional District 5,C2,115,0.5607281675047489,5.497578646331771,0.8204319805624591,0.23314136510988473,0.49697837746081874,0.4828471446636966
WI,55,07,5507,Congressional District 7,C2,115,7.783863324015783,19.736200546934487,0.7158276651525662,0.25111807096892846,0.42359159252897577,0.50111682367381
WI,55,02,5502,Congressional District 2,C2,115,1.3176967719650747,6.362536347865824,0.8774122398394222,0.4090390709159154,0.528799285626585,0.6395616240175104
WI,55,06,5506,Congressional District 6,C2,115,2.2422490801766344,10.603772259280133,0.7581976386968715,0.25059530796686874,0.32014118816754544,0.5005949539966107
WI,55,08,5508,Congressional District 8,C2,115,2.9372945392276506,10.85348903842928,0.7623695047881011,0.31334200494547854,0.38015719875680626,0.5597695998761263
NC,37,01,3701,Congressional District 1,C2,115,1.575488345480835,10.231925890976123,0.6949548229171392,0.18910816785234744,0.2840820401668772,0.434865689440254
NC,37,07,3707,Congressional District 7,C2,115,1.6248405433461812,8.109913767265784,0.7621779720122761,0.31044747964468267,0.5421782551686167,0.5571781399558696
NC,37,02,3702,Congressional District 2,C2,115,0.7059843894057849,7.678687313289433,0.7150703603749651,0.15046344334043046,0.2891169481602919,0.3878961759806746
NC,37,06,3706,Congressional District 6,C2,115,1.033521642829328,6.502980115059308,0.7650019823092803,0.30711751673944887,0.48958935618088306,0.5541818444693483
NC,37,03,3703,Congressional District 3,C2,115,2.9215385340514786,10.01267263294718,0.7894506017095213,0.366202621443663,0.4976529066065455,0.6051467767770584
NC,37,10,3710,Congressional District 10,C2,115,0.6765847337853756,5.87409170122359,0.7034055714627465,0.24640562296371243,0.2890104973348331,0.4963926096989282
NC,37,04,3704,Congressional District 4,C2,115,0.19129959801807672,3.579954128212772,0.598927260640163,0.18757242699516308,0.28585447254277463,0.43309632530785
NC,37,05,3705,Congressional District 5,C2,115,1.0390025391127438,6.4960299040747005,0.7736061729382531,0.30940721873082827,0.29825851012068516,0.5562438482633567
NC,37,13,3713,Congressional District 13,C2,115,0.48403994726277233,5.266702791328451,0.6497815012086473,0.2192872830771962,0.29238647757675545,0.46828120085819824
NC,37,11,3711,Congressional District 11,C2,115,1.7187909575670801,10.436117408580193,0.8154015093284848,0.19831474758855056,0.2193380637447328,0.4453254400868544
NC,37,09,3709,Congressional District 9,C2,115,0.9976242540685689,8.531280708008156,0.6389728722630307,0.1722457041144041,0.19375373747678012,0.4150249439665092
NC,37,08,3708,Congressional District 8,C2,115,0.7703348215554797,7.108505372940098,0.6723103024489545,0.19157233899494747,0.20501636228616207,0.4376897748348109
NC,37,12,3712,Congressional District 12,C2,115,0.11315865582332663,2.3063937590879036,0.7398441180614694,0.2673195587309487,0.49776521830709325,0.5170295530537387
NH,33,01,3301,Congressional District 1,C2,115,0.7796184266892396,7.503837110691785,0.6225024073147932,0.17399035061881685,0.3801709542876697,0.41712150582152535
NH,33,02,3302,Congressional District 2,C2,115,1.9235176629024409,12.654864295968578,0.7033573461254028,0.1509353818769797,0.2868424720311534,0.3885040307087942
AS,60,98,6098,Delegate District (at Large),C4,115,4.127959648595038,13.409614058069321,0.8168392901289642,0.28847803434354713,0.24095067620928512,0.5371015121404399
OK,40,01,4001,Congressional District 1,C2,115,0.43792547316206765,5.1575698517305435,0.4963786325875493,0.20688063223980563,0.2850180211968488,0.4548413264423162
OK,40,03,4003,Congressional District 3,C2,115,8.927685617782345,21.186176430645805,0.6992286185871541,0.24994449925344617,0.2286149522665934,0.49994449617277137
OK,40,05,4005,Congressional District 5,C2,115,0.5381994154176937,5.024815018367552,0.6745338513254345,0.2678631235650993,0.33066732775676877,0.5175549473873275
OK,40,04,4004,Congressional District 4,C2,115,2.528066465778693,11.31174024216725,0.761632293502792,0.24827872396158646,0.3889716205006548,0.4982757509267198
OK,40,02,4002,Congressional District 2,C2,115,5.573158894806284,16.095865067016398,0.8055618042174104,0.2703227793168429,0.46608033501090945,0.5199257440412456
DE,10,00,1000,Congressional District (at Large),C1,115,0.6702381485908973,4.138145271345625,0.8399403688360676,0.4918441859591268,0.3649790005813156,0.701316038572573
PA,42,01,4201,Congressional District 1,C2,115,0.024544677613675958,2.010765902922844,0.5299206174837197,0.07628588200340836,0.13291429953058323,0.27619898986674146
PA,42,18,4218,Congressional District 18,C2,115,0.5693316789074743,6.551511968255802,0.6690682215995276,0.16668331771120823,0.3045870539883704,0.40826868323593984
PA,42,07,4207,Congressional District 7,C2,115,0.23801009757812608,8.704144797819321,0.45842348969399244,0.03947780814965007,0.26657537690018235,0.19869023164124117
PA,42,02,4202,Congressional District 2,C2,115,0.0206222012463968,0.8120554852280066,0.8659105440603202,0.3929827398801157,0.4826366519095139,0.6268833542854011
PA,42,17,4217,Congressional District 17,C2,115,0.48584231688869295,8.848344164076382,0.4618206940858813,0.07797963357310028,0.1933307135287194,0.27924833674186905
PA,42,14,4214,Congressional District 14,C2,115,0.06037783136548569,2.6239971586870086,0.6139182431500566,0.11019468638535597,0.31874203605756524,0.33195585005442513
PA,42,06,4206,Congressional District 6,C2,115,0.2390567987540635,6.176131215413326,0.5201921280978169,0.07875496358145173,0.23492729697610049,0.2806331476883152
PA,42,03,4203,Congressional District 3,C2,115,1.3019969421829956,8.639878329923897,0.6612758107154928,0.2191818433294986,0.3760962769016699,0.46816860566413315
PA,42,10,4210,Congressional District 10,C2,115,2.3675672118708917,14.702784504789195,0.5949252911146742,0.13762996423529783,0.2659206918192099,0.3709851267036157
PA,42,04,4204,Congressional District 4,C2,115,0.41854371874615026,3.8128676244074042,0.8532516667975858,0.36178223500944917,0.34013462779656234,0.6014833622050149
PA,42,05,4205,Congressional District 5,C2,115,3.0094224316219425,12.35350139372824,0.7296082628861189,0.24780660663816992,0.36150730236344153,0.49780177444256857
PA,42,16,4216,Congressional District 16,C2,115,0.28370723501620887,5.456031706231648,0.6175270205846246,0.11976405839125404,0.28916099583758337,0.34606944157387554
PA,42,13,4213,Congressional District 13,C2,115,0.042740736533687596,2.7077505578682284,0.6036050761127413,0.07325454209376246,0.26022020154877096,0.2706557630898748
PA,42,11,4211,Congressional District 11,C2,115,0.949474660544638,9.551771531281473,0.566197581975389,0.13077519937416407,0.20315982928779536,0.3616285378315213
PA,42,09,4209,Congressional District 9,C2,115,1.5785217522397943,12.373994145791375,0.6604254274609535,0.12955095610598313,0.2825486990529359,0.3599318770350622
PA,42,15,4215,Congressional District 15,C2,115,0.3573617092947643,5.80761937324434,0.6011440261619855,0.1331439969249007,0.16376700020948562,0.36488902001142853
PA,42,12,4212,Congressional District 12,C2,115,0.6007933863791095,8.77088284146609,0.4347478505165351,0.09814052739500181,0.18633452597238057,0.31327388559374336
PA,42,08,4208,Congressional District 8,C2,115,0.19927149535214994,2.656381572435045,0.7673856958310787,0.354873954579405,0.3349378622080534,0.5957129800326707
FL,12,01,1201,Congressional District 1,C2,115,1.1600830961006068,6.4308640194471085,0.8242627304257902,0.35250096445820484,0.3350895159177851,0.5937179165716703
FL,12,07,1207,Congressional District 7,C2,115,0.10415642138286785,1.8902925842916682,0.8093069400546966,0.366300787891517,0.558307266046693,0.6052278809601528
FL,12,27,1227,Congressional District 27,C2,115,0.08009144738718987,1.4720530340095308,0.8490829190338457,0.46446082874241157,0.5415335996008477,0.6815136306358162
FL,12,17,1217,Congressional District 17,C2,115,1.4902038422990245,6.417594331258018,0.7894071300868372,0.45468541218023395,0.514114587966431,0.6743036498345786
FL,12,06,1206,Congressional District 6,C2,115,0.6443306497303638,4.860539601746609,0.766116358376275,0.3427280757715875,0.4652995665213114,0.5854298213890266
FL,12,14,1214,Congressional District 14,C2,115,0.0870333770144498,1.567915619500835,0.8150727937090041,0.44488762541695537,0.48898169785959433,0.6669989695771317
FL,12,05,1205,Congressional District 5,C2,115,0.9512072171314685,11.427923952189825,0.7034927456209087,0.09152722967195345,0.10219765288233476,0.3025346751563421
FL,12,24,1224,Congressional District 24,C2,115,0.026869664348396327,1.0539292348263407,0.774847225594201,0.30398293390777525,0.5065921062427612,0.5513464735606598
FL,12,16,1216,Congressional District 16,C2,115,0.393597527166321,3.0559514234746477,0.9005480609195593,0.5296260429062124,0.581556148946633,0.7277541088212504
FL,12,11,1211,Congressional District 11,C2,115,0.6911642602347001,5.1558460247098585,0.8008572588491549,0.32673168982347506,0.49442723764557717,0.5716044872317528
FL,12,15,1215,Congressional District 15,C2,115,0.2786170203723941,3.6897248926648687,0.7650410704140291,0.25717546575957034,0.34928069271638496,0.5071247043475307
FL,12,23,1223,Congressional District 23,C2,115,0.06053290606473638,1.7291295036204677,0.6542770530407719,0.2544171280627583,0.3425067943302223,0.5043977875276202
FL,12,08,1208,Congressional District 8,C2,115,0.5739722974146844,4.142494133716989,0.7617913433921258,0.4203170348423834,0.36224616997011744,0.6483186213910437
FL,12,12,1212,Congressional District 12,C2,115,0.25464764568255305,2.736130537975628,0.7906305685435534,0.4274407298798356,0.35907864930928873,0.6537895149662738
FL,12,18,1218,Congressional District 18,C2,115,0.4454734726186871,3.486906611960903,0.8203770594575094,0.46041671233793413,0.5055529102007903,0.6785401331814752
FL,12,02,1202,Congressional District 2,C2,115,3.1178268043943262,15.124750455733581,0.620769972128761,0.17127162354592976,0.24808809204084223,0.4138497596301462
FL,12,20,1220,Congressional District 20,C2,115,0.5638413147660231,5.916355769120858,0.7497798543114792,0.2024222257624846,0.4941810265286996,0.44991357588150704
FL,12,25,1225,Congressional District 25,C2,115,0.860272985769825,5.545068686106513,0.6723104679670798,0.3515865796245403,0.40198382464271837,0.5929473666562154
FL,12,21,1221,Congressional District 21,C2,115,0.08274954299645287,1.856508479235411,0.6412595035056479,0.3017043651627338,0.38690260663525405,0.5492762193675725
FL,12,03,1203,Congressional District 3,C2,115,0.9278949595809536,4.735244125889573,0.8932239084259326,0.520024651482144,0.6983851620659046,0.7211273476177036
FL,12,10,1210,Congressional District 10,C2,115,0.12321395337448848,1.771595802446011,0.887793316621037,0.49333334520409294,0.5136160928029364,0.702376925307269
FL,12,04,1204,Congressional District 4,C2,115,0.47682733941246624,5.867029068197364,0.7211649270304569,0.17407424986146214,0.38718157569066936,0.41722206300897147
AZ,04,01,0401,Congressional District 1,C2,115,14.11122803318608,29.56527123889607,0.7420141826677695,0.2028667812764567,0.46891177320849353,0.45040735038013824
AZ,04,03,0403,Congressional District 3,C2,115,3.894170690572082,14.092831339240695,0.7458158241771725,0.24639298500594015,0.24109802848148365,0.4963798797352086
AZ,04,05,0405,Congressional District 5,C2,115,0.07383932561538131,1.340264715555568,0.8806439334248464,0.516554818413577,0.5574110125819242,0.7187174816390491
AZ,04,04,0404,Congressional District 4,C2,115,8.502153936805826,29.774866353396277,0.6235112112635256,0.12051446754231585,0.4190128570933831,0.3471519372584803
AZ,04,07,0407,Congressional District 7,C2,115,0.051600072172732325,1.2616641042003662,0.8355982608258417,0.4073546507377623,0.5158050817277428,0.6382434102580005
AZ,04,02,0402,Congressional District 2,C2,115,1.9489653909413391,7.230463302025394,0.8848436240407885,0.46846995046534623,0.47659290600169674,0.6844486470622513
AZ,04,09,0409,Congressional District 9,C2,115,0.0416022893139143,1.8626357176121193,0.538065033245533,0.15068542265131307,0.3252608380027701,0.3881822029038852
AZ,04,06,0406,Congressional District 6,C2,115,0.15843774567451874,2.4918428258030043,0.8235321077760696,0.32064703429305,0.6328105934676457,0.5662570390671096
AZ,04,08,0408,Congressional District 8,C2,115,0.13634796096289392,2.9018303756255257,0.6594464347048268,0.20347659742740087,0.37893127940185095,0.451083803109135
TX,48,28,4828,Congressional District 28,C2,115,2.2532577527631474,14.344894150581489,0.4963070260108048,0.13760241056193828,0.23384780786326786,0.3709479890253326
TX,48,01,4801,Congressional District 1,C2,115,2.0350062123500265,11.221383051830614,0.768011163266697,0.20308732913006664,0.4139264837816819,0.4506521154172769
TX,48,29,4829,Congressional District 29,C2,115,0.046166925226543754,2.5813315191093067,0.6000229725931727,0.08706693298577749,0.3441043631771487,0.29507106429770014
TX,48,07,4807,Congressional District 7,C2,115,0.039454782459642956,1.9240640057017664,0.5547644460782495,0.1339277235471202,0.3132833429190501,0.3659613689272683
TX,48,27,4827,Congressional District 27,C2,115,2.6022560303433693,13.170051298097995,0.6178820262366734,0.1885319478382896,0.3682895877243526,0.4342026575670508
TX,48,06,4806,Congressional District 6,C2,115,0.5568628467840426,5.76600290180204,0.7635111452826984,0.21047881696122922,0.32721066050688014,0.4587797041731786
TX,48,17,4817,Congressional District 17,C2,115,1.9038394021986278,11.276606106451526,0.6731599049474537,0.1881409589925126,0.4274888577435441,0.4337521861530067
TX,48,14,4814,Congressional District 14,C2,115,0.8252986510901792,8.201592626003913,0.5823071219180315,0.1541787822754362,0.22221783564987407,0.3926560610450782
TX,48,36,4836,Congressional District 36,C2,115,1.8496331580258811,10.558535112387368,0.785696369175501,0.20849139219384905,0.4427495386011257,0.45660857656624126
TX,48,05,4805,Congressional District 5,C2,115,1.2971760052973877,11.213964093453265,0.6841172884731166,0.12962550111353496,0.30444665924286074,0.360035416471123
TX,48,16,4816,Congressional District 16,C2,115,0.17579367750727215,2.0212569694625935,0.9430318443296176,0.5407170383019344,0.4419692018650421,0.7353346437520365
TX,48,24,4824,Congressional District 24,C2,115,0.06783721634747053,2.017600385483769,0.7487640028747945,0.209414899755224,0.3714587123758099,0.45761872749618104
TX,48,33,4833,Congressional District 33,C2,115,0.054432177438457074,3.9427932640628245,0.42975238493216517,0.044000494751622585,0.19264623736791633,0.2097629489486229
TX,48,11,4811,Congressional District 11,C2,115,6.91531955252799,21.137272842944476,0.6156740088454583,0.1945020623691853,0.2945345820521117,0.4410238795906468
TX,48,15,4815,Congressional District 15,C2,115,1.8646445933786708,13.658584283315005,0.519993470933539,0.12560142204118588,0.16370203391889088,0.35440290918837825
TX,48,23,4823,Congressional District 23,C2,115,14.15614641165962,29.437093070665625,0.72718702852713,0.20528871101240512,0.2584597236809963,0.4530879727077349
TX,48,12,4812,Congressional District 12,C2,115,0.3677451886317158,4.525526975756072,0.7679321751366441,0.2256412762305821,0.514206055059778,0.4750171325653235
TX,48,08,4808,Congressional District 8,C2,115,1.5170932197063394,9.108171715581953,0.8399579495651788,0.2298051260828407,0.6934934353408211,0.47937993917438876
TX,48,34,4834,Congressional District 34,C2,115,2.246484177452885,15.050664851152042,0.571784091587797,0.12462404926724195,0.20015825851481386,0.35302131559899036
TX,48,30,4830,Congressional District 30,C2,115,0.09187546175621719,2.5693251472863934,0.7599023857840543,0.17489253135977392,0.41223111772293713,0.41820154394714265
TX,48,18,4818,Congressional District 18,C2,115,0.05732422614096322,2.9954864397971956,0.5871593079576914,0.08028110633370797,0.4158594987948544,0.2833392071946768
TX,48,02,4802,Congressional District 2,C2,115,0.07986376113058213,3.689199086241851,0.4205377137846475,0.07373869347527294,0.2260761159172948,0.27154869448272617
TX,48,20,4820,Congressional District 20,C2,115,0.048246003594613285,1.8252103489527134,0.6892963100678395,0.18198909434205035,0.4874595180304126,0.4266017983342901
TX,48,31,4831,Congressional District 31,C2,115,0.5389934387774247,3.8674776262978217,0.8174786329989895,0.4528326395323076,0.5978376057961505,0.6729284059484393
TX,48,25,4825,Congressional District 25,C2,115,1.9044476382885023,12.262550232437668,0.6063616767543214,0.1591539059840261,0.30228483847849585,0.3989409805773607
TX,48,32,4832,Congressional District 32,C2,115,0.04977071551047629,2.241867736198522,0.6165746645877114,0.12444108083605175,0.3517904627093287,0.35276207397628756
TX,48,21,4821,Congressional District 21,C2,115,1.4426190203541864,9.840833363585197,0.7727004323884642,0.18719651621856992,0.3158440383524695,0.43266212709060864
TX,48,03,4803,Congressional District 3,C2,115,0.12984623833676778,2.1041114242778476,0.8712688344240462,0.3685545420992338,0.49661389518203325,0.6070869312538641
TX,48,10,4810,Congressional District 10,C2,115,1.2451565647770622,10.200561263806723,0.7250422140616193,0.15037847960170828,0.26509071332598855,0.3877866418556836
TX,48,04,4804,Congressional District 4,C2,115,2.6381937446324173,13.749771323472896,0.7807588900248471,0.17535800645560437,0.33602289774200816,0.418757694204661
TX,48,35,4835,Congressional District 35,C2,115,0.14549643351870145,5.833238460543196,0.3650263965326054,0.05373320563797014,0.09738646328978888,0.23180423990507626
TX,48,13,4813,Congressional District 13,C2,115,9.865283216761782,21.944757387626794,0.67448366143968,0.2574292278572038,0.26899788661551566,0.507374839598106
TX,48,26,4826,Congressional District 26,C2,115,0.24573090737862913,2.582179573762621,0.910921215903773,0.46312344345761686,0.5762248172503658,0.6805317358195847
TX,48,22,4822,Congressional District 22,C2,115,0.2547775515554349,4.731636706213116,0.7039392549007468,0.14300401773332413,0.33152697787178204,0.37815872029258313
TX,48,09,4809,Congressional District 9,C2,115,0.04046945610070907,1.8335621244539986,0.606803401607645,0.15126761974651254,0.26022729862386595,0.38893138179698555
TX,48,19,4819,Congressional District 19,C2,115,6.501595119330204,17.196691463963578,0.7088335563030632,0.2762739811287767,0.3339855541721248,0.5256177138651025
RI,44,01,4401,Congressional District 1,C2,115,0.14312761168525867,2.587737811798382,0.5834945045627737,0.26859179707737424,0.2937400283327423,0.5182584269236481
RI,44,02,4402,Congressional District 2,C2,115,0.28900123712378445,3.8684870496713106,0.7600966675065589,0.24267624770392165,0.41235056532111547,0.4926218100164888
NM,35,01,3501,Congressional District 1,C2,115,1.1750306693272705,7.594125911018088,0.712121683485105,0.25603744178553667,0.3346927858998096,0.5060014246872597
NM,35,03,3503,Congressional District 3,C2,115,11.671068242423189,20.0365832326371,0.7922717731801376,0.36531974248819593,0.33502368465549787,0.6044168615187666
NM,35,02,3502,Congressional District 2,C2,115,18.04746296108101,23.83240848223024,0.8468772843121827,0.39929158281849775,0.4947865728297672,0.6318952308876036
UT,49,01,4901,Congressional District 1,C2,115,5.7616421231978165,16.272758895908026,0.6725025908801556,0.27342219382937677,0.23563043277692067,0.5228978808805567
UT,49,03,4903,Congressional District 3,C2,115,5.430645356822652,18.343320641962436,0.6308221530363489,0.20281748420522033,0.32247957504006347,0.45035262206988463
UT,49,04,4904,Congressional District 4,C2,115,0.7346544040337903,6.14803743351435,0.6425157518647799,0.24424177314184994,0.4034921676292875,0.4942082285250317
UT,49,02,4902,Congressional District 2,C2,115,11.048008520754593,19.60838761706442,0.8177693055366185,0.36108554052322933,0.5158610334024639,0.6009039361855016
CT,09,01,0901,Congressional District 1,C2,115,0.19509831290974944,3.77618320443043,0.6729173872996934,0.1719322178358871,0.4352485623003611,0.41464710035871116
CT,09,03,0903,Congressional District 3,C2,115,0.13850769207328995,2.985227569604907,0.6844605566912778,0.19531197387466534,0.3322058383894199,0.4419411429983243
CT,09,04,0904,Congressional District 4,C2,115,0.1511301380655823,2.46695482309764,0.7009238845242839,0.31206032058108485,0.33903153923899204,0.5586235947228553
CT,09,05,0905,Congressional District 5,C2,115,0.3590737584984254,4.423689860683497,0.7491147291123178,0.2305813558372986,0.5032582077940136,0.4801888751702798
CT,09,02,0902,Congressional District 2,C2,115,0.5887394096953358,5.733184486023914,0.8362894666062783,0.22508219311050215,0.5589576997758694,0.4744282802600433
CT,09,ZZ,09ZZ,Congressional Districts not defined,00,115,0.11755700013463866,5.2838837734208655,0.7570433092951373,0.05291171603645736,0.07252956820271686,0.23002546823440523
MT,30,00,3000,Congressional District (at Large),C1,115,45.07890029239479,36.70914946541981,0.9305079394060766,0.42037272734869374,0.3581719688802429,0.6483615714620152
NY,36,01,3601,Congressional District 1,C2,115,0.5396248734341498,4.114253393764502,0.9354589037409086,0.40060812357820785,0.29424663782953475,0.6329361133465272
NY,36,07,3607,Congressional District 7,C2,115,0.004738639279366907,0.8134570938188527,0.43106656977925106,0.08998999184410085,0.1649766085795705,0.29998331927642385
NY,36,27,3627,Congressional District 27,C2,115,1.4918354831975194,8.001150221102366,0.7488896895635838,0.2928369992710612,0.43118651289247434,0.5411441575689987
NY,36,17,3617,Congressional District 17,C2,115,0.12236498253037098,1.8401675158563402,0.9069800655556154,0.4541008310798035,0.43294206078133995,0.6738700402004851
NY,36,14,3614,Congressional District 14,C2,115,0.012058778104119483,0.8269060745340129,0.6657106441570465,0.22161584240713444,0.30012893395884294,0.4707609185214237
NY,36,06,3606,Congressional District 6,C2,115,0.008302225223133064,0.5656903576281744,0.8011227854413602,0.3260219363835995,0.32381939285980427,0.5709833065717416
NY,36,05,3605,Congressional District 5,C2,115,0.03394502063838445,1.3405077519106374,0.6173090444964033,0.2373817250549309,0.26268838755968144,0.48721835459568935
NY,36,24,3624,Congressional District 24,C2,115,1.047560053594907,5.625353689912117,0.8178576386055247,0.41599597256591464,0.4548496347063011,0.6449774977205909
NY,36,16,3616,Congressional District 16,C2,115,0.029874379332568424,1.0049817658805582,0.8375532589440707,0.37169985441816017,0.3531277332538004,0.6096719235934686
NY,36,11,3611,Congressional District 11,C2,115,0.031557247737964644,0.9530991482255552,0.8478395633246472,0.4365488217764176,0.38573791431334326,0.6607184133777547
NY,36,15,3615,Congressional District 15,C2,115,0.00468212416831193,0.32957880501096176,0.8772714873651589,0.5416693242778509,0.6495078951852867,0.7359818776830385
NY,36,23,3623,Congressional District 23,C2,115,2.2607979996478207,10.042364599660011,0.7411440387693704,0.28170830755758736,0.2103227813047993,0.5307620065128884
NY,36,08,3608,Congressional District 8,C2,115,0.012954301248100819,0.9431392638640176,0.5561276554782081,0.18300889784054475,0.2968214976309771,0.4277953924956938
NY,36,12,3612,Congressional District 12,C2,115,0.004861648404812513,0.4474569854977617,0.77134693319704,0.3051341575384094,0.4866133834319975,0.5523894980341403
NY,36,18,3618,Congressional District 18,C2,115,0.39495142040163955,4.090296580223084,0.7225308131832135,0.29664972216424834,0.29355828802727657,0.5446555995895463
NY,36,02,3602,Congressional District 2,C2,115,0.090056033881865,1.6352015658394603,0.8220778729873136,0.42323355452609046,0.4152475916642563,0.6505640279988514
NY,36,20,3620,Congressional District 20,C2,115,0.3596812377254537,3.700465902056995,0.7706277083097893,0.33007667403003205,0.46207738895283346,0.5745229969548931
NY,36,25,3625,Congressional District 25,C2,115,0.3499603678569656,2.910053042703974,0.9398272400692813,0.5193102780848999,0.5994109117555757,0.7206318603037892
NY,36,03,3603,Congressional District 3,C2,115,0.1027626147972569,1.7338597095917825,0.8755641446040301,0.42955334045899063,0.34976364361588413,0.6554031892346808
NY,36,21,3621,Congressional District 21,C2,115,4.769036043469896,11.769785011004158,0.8994512490420878,0.43261682806357576,0.4316951702044454,0.6577361386327922
NY,36,10,3610,Congressional District 10,C2,115,0.0062692235890153825,1.0155897958035855,0.45333491412324534,0.07638128594164025,0.15623206461837147,0.27637164460494174
NY,36,04,3604,Congressional District 4,C2,115,0.04848493494159811,1.1659086215245464,0.8593060665496128,0.44821630769422593,0.6086643366024309,0.6694895874427219
NY,36,13,3613,Congressional District 13,C2,115,0.0035789468186067097,0.39115812608026707,0.6462043226445534,0.2939411542815155,0.2739005539839322,0.5421634018278212
NY,36,26,3626,Congressional District 26,C2,115,0.06654651863982508,1.496420592792501,0.7715846411848073,0.373446034648294,0.3614787803924358,0.6111023111135271
NY,36,22,3622,Congressional District 22,C2,115,1.4914985142872865,9.455335418624193,0.6469436562007274,0.20964224889975067,0.424696645217877,0.45786706465932947
NY,36,09,3609,Congressional District 9,C2,115,0.004340236118878238,0.4291671781290614,0.680563351481802,0.2961216902608446,0.41114821496849424,0.5441706444313628
NY,36,19,3619,Congressional District 19,C2,115,2.2882971883966547,10.424400238012682,0.7633225318290429,0.2646184590283471,0.477585258579242,0.5144107882114711
